ensembl_id,CL_0000134,CL_0000034,CL_0000115,CL_0000514,CL_0000669,CL_0009002,CL_0002503,CL_0002372,CL_0000056,CL_0000235,CL_0008020,CL_0000192,CL_0000188,CL_0000057,CL_0000576,CL_0000222,other
ENSG00000026508,1,1,0,0,0,0,0,0,0,0,0,0,0,0,0,0,0
ENSG00000170017,1,0,0,0,0,0,0,0,0,0,0,0,0,0,0,0,0
ENSG00000141736,1,0,0,0,0,0,0,0,0,0,0,0,0,0,0,0,0
ENSG00000161638,1,0,0,0,0,0,0,0,0,0,0,0,0,0,0,0,0
ENSG00000138448,1,0,0,0,0,0,0,0,0,0,0,0,0,0,0,0,0
ENSG00000150093,1,0,0,0,0,0,0,0,0,0,0,0,0,0,0,0,0
ENSG00000196549,1,0,0,0,0,0,0,0,0,0,0,0,0,0,0,0,0
ENSG00000149294,1,1,1,1,1,0,1,0,0,0,0,0,0,0,0,0,0
ENSG00000261371,1,0,1,0,0,0,1,0,0,0,0,0,0,0,0,0,0
ENSG00000081237,1,0,1,0,1,1,1,0,0,1,0,0,0,0,1,0,0
ENSG00000072274,1,0,0,0,0,0,0,0,0,0,0,0,0,0,0,0,0
ENSG00000067182,1,0,0,0,0,0,0,0,0,0,0,0,0,0,0,0,0
ENSG00000128052,0,1,1,0,0,0,0,0,0,0,0,0,0,0,0,0,0
ENSG00000009709,0,1,0,1,0,0,0,0,1,0,0,0,0,0,0,0,0
ENSG00000143632,0,1,0,0,0,0,0,0,0,0,0,0,0,0,0,0,0
ENSG00000159216,0,1,0,0,0,0,0,0,0,0,0,0,0,0,0,0,0
ENSG00000076706,1,0,1,0,1,0,0,0,0,0,0,1,0,0,0,0,0
ENSG00000085117,0,1,0,1,0,0,0,0,0,0,0,0,0,0,0,0,0
ENSG00000122180,0,0,0,0,0,0,0,1,1,0,0,0,0,0,0,0,0
ENSG00000155657,0,0,0,0,0,0,0,1,1,0,0,0,0,0,0,0,0
ENSG00000125968,0,0,0,0,0,0,0,0,1,0,0,0,0,0,0,0,0
ENSG00000109063,0,0,0,0,0,0,0,1,0,0,0,0,0,0,0,0,0
ENSG00000117318,0,0,0,0,0,0,0,0,1,0,0,0,0,0,0,0,0
ENSG00000007062,0,1,0,0,0,0,0,0,0,0,0,0,0,0,0,0,0
ENSG00000010278,0,1,0,0,0,0,0,0,0,0,0,0,0,0,0,0,0
ENSG00000130208,0,0,0,1,0,0,0,0,0,0,0,0,0,0,0,0,0
ENSG00000130203,0,0,0,1,0,0,0,0,0,0,0,0,0,0,0,0,0
ENSG00000176435,0,0,1,0,0,0,0,0,0,0,1,0,0,0,0,0,0
ENSG00000129152,0,0,0,0,0,0,0,0,1,0,0,0,0,0,0,0,0
ENSG00000136826,0,1,0,0,0,0,0,0,0,0,0,0,0,0,0,0,0
ENSG00000081189,0,1,0,0,0,0,0,0,1,0,0,0,0,0,0,0,0
ENSG00000005513,0,1,0,1,0,0,0,0,0,0,0,0,0,0,0,0,0
ENSG00000165795,0,1,0,0,0,0,0,0,0,0,0,0,0,0,0,0,0
ENSG00000164056,0,1,0,0,0,0,0,0,0,0,0,0,0,0,0,0,0
ENSG00000120738,0,1,0,0,0,0,0,0,0,0,0,0,0,0,0,0,0
ENSG00000138435,0,1,0,0,0,0,0,0,0,0,0,0,0,0,0,0,0
ENSG00000173402,0,1,0,0,0,0,0,0,0,0,0,0,0,0,0,0,0
ENSG00000161904,0,0,0,0,0,0,0,0,1,0,0,0,0,0,0,0,0
ENSG00000105329,0,0,0,0,0,0,0,0,1,0,0,0,0,0,0,0,0
ENSG00000105976,0,0,0,0,0,0,0,0,1,0,0,0,0,0,0,0,0
ENSG00000183963,0,0,0,0,0,0,0,0,1,0,0,0,0,0,0,0,0
ENSG00000140262,0,0,0,0,0,0,0,0,1,0,0,0,0,0,0,0,0
ENSG00000111049,0,0,0,0,0,0,0,0,1,0,0,0,0,0,0,0,0
ENSG00000104313,0,0,0,0,0,0,0,0,1,0,0,0,0,0,0,0,0
ENSG00000111046,0,0,0,0,0,0,0,0,1,0,0,0,0,0,0,0,0
ENSG00000197905,0,0,0,0,0,0,0,0,1,0,0,0,0,0,0,0,0
ENSG00000074047,0,0,0,0,0,0,0,0,1,0,0,0,0,0,0,0,0
ENSG00000005102,0,0,0,0,0,0,0,0,1,0,0,0,0,0,0,0,0
ENSG00000064655,0,0,0,0,0,0,0,0,1,0,0,0,0,0,0,0,0
ENSG00000126778,0,0,0,0,0,0,0,0,1,0,0,0,0,0,0,0,0
ENSG00000157168,0,0,0,0,0,0,0,0,1,0,0,0,0,0,0,0,0
ENSG00000068305,0,0,0,0,0,0,0,0,1,0,0,0,0,0,0,0,0
ENSG00000135903,0,0,0,0,0,0,0,0,1,0,0,0,0,0,0,0,0
ENSG00000116604,0,0,0,0,0,0,0,0,1,0,0,0,0,0,0,0,0
ENSG00000065534,0,0,0,0,0,0,0,0,0,0,0,1,0,0,0,0,0
ENSG00000133392,0,0,0,0,0,0,0,0,0,0,0,1,0,0,0,0,0
ENSG00000149591,0,0,0,0,0,0,0,0,0,0,0,1,0,0,0,0,0
ENSG00000168530,0,0,0,0,0,0,0,0,0,0,0,0,1,0,0,0,0
ENSG00000101470,0,0,0,0,0,0,0,0,0,0,0,0,1,0,0,0,0
ENSG00000159173,0,0,0,0,0,0,0,0,0,0,0,0,1,0,0,0,0
ENSG00000072110,0,0,0,0,0,0,0,0,1,0,0,0,0,0,0,0,0
ENSG00000092054,0,0,0,0,0,0,0,0,0,0,0,0,0,1,0,0,0
ENSG00000110799,0,0,1,0,0,0,0,0,0,0,0,0,0,0,0,0,0
ENSG00000107796,0,0,0,0,0,0,0,0,0,0,0,1,0,0,0,0,0
