ensembl_id,Fibroblast,Lymphocyte,Monocyte,Neuron,Tumor_Mesoderm,Tumor_Myoblast,Tumor_Myocyte,Vascular Endothelium,other
ENSG00000249669,1,0,0,0,0,0,0,0,0
ENSG00000164741,1,0,0,0,0,0,0,0,0
ENSG00000185532,1,0,0,0,0,0,0,0,0
ENSG00000150471,1,0,0,0,0,0,0,0,0
ENSG00000172403,1,0,0,0,0,0,0,0,0
ENSG00000213949,1,0,0,0,0,0,0,0,0
ENSG00000122786,1,0,0,0,0,0,0,0,0
ENSG00000151491,1,0,0,0,0,0,0,0,0
ENSG00000151067,1,0,0,0,0,0,0,0,0
ENSG00000074181,1,0,0,0,0,0,0,0,0
ENSG00000198846,0,1,0,0,0,0,0,0,0
ENSG00000111728,0,1,0,0,0,0,0,0,0
ENSG00000111913,0,1,0,0,0,0,0,0,0
ENSG00000187764,0,1,0,0,0,0,0,0,0
ENSG00000081320,0,1,0,0,0,0,0,0,0
ENSG00000172575,0,1,0,0,0,0,0,0,0
ENSG00000164543,0,1,0,0,0,0,0,0,0
ENSG00000010810,0,1,0,0,0,0,0,0,0
ENSG00000196405,0,1,0,0,0,0,0,0,0
ENSG00000154814,0,1,0,0,0,0,0,0,0
ENSG00000019582,0,0,1,0,0,0,0,0,0
ENSG00000204287,0,0,1,0,0,0,0,0,0
ENSG00000276085,0,0,1,0,0,0,0,0,0
ENSG00000168405,0,0,1,0,0,0,0,0,0
ENSG00000138756,0,0,1,0,0,0,0,0,0
ENSG00000122862,0,0,1,0,0,0,0,0,0
ENSG00000130066,0,0,1,0,0,0,0,0,0
ENSG00000157827,0,0,1,0,0,0,0,0,0
ENSG00000196126,0,0,1,0,0,0,0,0,0
ENSG00000166068,0,0,1,0,0,0,0,0,0
ENSG00000157168,0,0,0,1,0,0,0,0,0
ENSG00000187672,0,0,0,1,0,0,0,0,0
ENSG00000148219,0,0,0,1,0,0,0,0,0
ENSG00000100095,0,0,0,1,0,0,0,0,0
ENSG00000185736,0,0,0,1,0,0,0,0,0
ENSG00000130226,0,0,0,1,0,0,0,0,0
ENSG00000182132,0,0,0,1,0,0,0,0,0
ENSG00000231252,0,0,0,1,0,0,0,0,0
ENSG00000021645,0,0,0,1,0,0,0,0,0
ENSG00000184611,0,0,0,1,0,0,0,0,0
ENSG00000122870,0,0,0,0,1,0,0,0,0
ENSG00000011465,0,0,0,0,1,0,0,0,0
ENSG00000196569,0,0,0,0,1,0,0,0,0
ENSG00000172260,0,0,0,0,1,0,0,0,0
ENSG00000000971,0,0,0,0,1,0,0,0,0
ENSG00000187955,0,0,0,0,1,0,0,0,0
ENSG00000177606,0,0,0,0,1,0,0,0,0
ENSG00000154175,0,0,0,0,1,0,0,0,0
ENSG00000185008,0,0,0,0,1,0,0,0,0
ENSG00000143341,0,0,0,0,1,0,0,0,0
ENSG00000196141,0,0,0,0,0,1,0,0,0
ENSG00000196090,0,0,0,0,0,1,0,0,0
ENSG00000171365,0,0,0,0,0,1,0,0,0
ENSG00000189337,0,0,0,0,0,1,0,0,0
ENSG00000161671,0,0,0,0,0,1,1,0,0
ENSG00000148357,0,0,0,0,0,1,0,0,0
ENSG00000211448,0,0,0,0,0,1,0,0,0
ENSG00000155657,0,0,0,0,0,1,1,0,0
ENSG00000118432,0,0,0,0,0,1,0,0,0
ENSG00000146147,0,0,0,0,0,1,1,0,0
ENSG00000183091,0,0,0,0,0,0,1,0,0
ENSG00000237298,0,0,0,0,0,0,1,0,0
ENSG00000186439,0,0,0,0,0,0,1,0,0
ENSG00000273540,0,0,0,0,0,0,1,0,0
ENSG00000178104,0,0,0,0,0,0,1,0,0
ENSG00000183230,0,0,0,0,0,0,1,0,0
ENSG00000196218,0,0,0,0,0,0,1,0,0
ENSG00000127329,0,0,0,0,0,0,0,1,0
ENSG00000169744,0,0,0,0,0,0,0,1,0
ENSG00000173482,0,0,0,0,0,0,0,1,0
ENSG00000261371,0,0,0,0,0,0,0,1,0
ENSG00000085276,0,0,0,0,0,0,0,1,0
ENSG00000110799,0,0,0,0,0,0,0,1,0
ENSG00000164035,0,0,0,0,0,0,0,1,0
ENSG00000142798,0,0,0,0,0,0,0,1,0
ENSG00000162618,0,0,0,0,0,0,0,1,0
ENSG00000111145,0,0,0,0,0,0,0,1,0
